shiobana2-0001,A01,ねくたりしょん1
shiobana2-0002,A02,ねくたりしょん2
shiobana2-0003,A03,ねくたりしょん3
shiobana2-0004,A04,ねくたりしょん4
shiobana2-0005,A05,ねくたりしょん5
shiobana2-0006,A06,ねくたりしょん6
shiobana2-0007,A07,ねくたりしょん7
shiobana2-0008,A08,ねくたりしょん8
shiobana2-0009,A09,ねくたりしょん9
shiobana2-0010,A10,ねくたりしょん10
shiobana2-0011,A11,ねくたりしょん11
shiobana2-0012,A12,ねくたりしょん12
shiobana2-0013,A13,ねくたりしょん13
shiobana2-0014,A14,ねくたりしょん14
shiobana2-0015,A15,ねくたりしょん15
shiobana2-0016,A16,ねくたりしょん16
shiobana2-0017,A17,ねくたりしょん17
shiobana2-0018,A18,ねくたりしょん18
shiobana2-0019,A19,ねくたりしょん19
shiobana2-0020,A20,ねくたりしょん20
shiobana2-0021,A21,ねくたりしょん21
shiobana2-0022,A22,ねくたりしょん22
shiobana2-0023,A23,ねくたりしょん23
shiobana2-0024,A24,ねくたりしょん24
shiobana2-0025,A25,ねくたりしょん25
shiobana2-0026,A26,ねくたりしょん26
shiobana2-0027,A27,ねくたりしょん27
shiobana2-0028,A28,ねくたりしょん28
shiobana2-0029,A29,ねくたりしょん29
shiobana2-0030,A30,ねくたりしょん30
shiobana2-0031,A31,ねくたりしょん31
shiobana2-0032,A32,ねくたりしょん32
shiobana2-0033,A33,ねくたりしょん33
shiobana2-0034,A34,ねくたりしょん34
shiobana2-0035,A35,ねくたりしょん35
shiobana2-0036,A36,ねくたりしょん36
shiobana2-0037,A37,ねくたりしょん37
shiobana2-0038,A38,ねくたりしょん38
shiobana2-0039,A39,ねくたりしょん39
shiobana2-0040,A40,ねくたりしょん40
shiobana2-0041,B01,ねくたりしょん41
shiobana2-0042,B02,ねくたりしょん42
shiobana2-0043,B03,ねくたりしょん43
shiobana2-0044,B04,ねくたりしょん44
shiobana2-0045,B05,ねくたりしょん45
shiobana2-0046,B06,ねくたりしょん46
shiobana2-0047,B07,ねくたりしょん47
shiobana2-0048,B08,ねくたりしょん48
shiobana2-0049,B09,ねくたりしょん49
shiobana2-0050,B10,ねくたりしょん50
shiobana2-0051,B11,ねくたりしょん51
shiobana2-0052,B12,ねくたりしょん52
shiobana2-0053,B13,ねくたりしょん53
shiobana2-0054,B14,ねくたりしょん54
shiobana2-0055,B15,ねくたりしょん55
shiobana2-0056,B16,ねくたりしょん56
shiobana2-0057,B17,ねくたりしょん57
shiobana2-0058,B18,ねくたりしょん58
shiobana2-0059,B19,ねくたりしょん59
shiobana2-0060,B20,ねくたりしょん60
shiobana2-0061,B21,ねくたりしょん61
shiobana2-0062,B22,ねくたりしょん62
shiobana2-0063,B23,ねくたりしょん63
shiobana2-0064,B24,ねくたりしょん64
shiobana2-0065,B25,ねくたりしょん65
shiobana2-0066,B26,ねくたりしょん66
shiobana2-0067,B27,ねくたりしょん67
shiobana2-0068,B28,ねくたりしょん68
shiobana2-0069,B29,ねくたりしょん69
shiobana2-0070,B30,ねくたりしょん70
shiobana2-0071,B31,ねくたりしょん71
shiobana2-0072,B32,ねくたりしょん72
shiobana2-0073,B33,ねくたりしょん73
shiobana2-0074,B34,ねくたりしょん74
shiobana2-0075,B35,ねくたりしょん75
shiobana2-0076,B36,ねくたりしょん76
shiobana2-0077,B37,ねくたりしょん77
shiobana2-0078,B38,ねくたりしょん78
shiobana2-0079,B39,ねくたりしょん79
shiobana2-0080,B40,ねくたりしょん80
